<?xml version="1.0" encoding="UTF-8"?>
<!DOCTYPE mapper PUBLIC "-//mybatis.org//DTD Mapper 3.0//EN"
        "http://mybatis.org/dtd/mybatis-3-mapper.dtd">
<mapper namespace="course.notification.mappers.AnnouncementsMapper">

    <!--实体映射-->
    <resultMap id="base_result_map" type="course.notification.entity.po.Announcements">
        <!--公告id-->
        <result column="announcement_id" property="announcementId"/>
        <!--公告标题-->
        <result column="title" property="title"/>
        <!--公告内容-->
        <result column="content" property="content"/>
        <!--作者id-->
        <result column="user_id" property="userId"/>
        <!--状态(0:草稿 1:发布 2:删除)-->
        <result column="status" property="status"/>
        <!--浏览量-->
        <result column="view_count" property="viewCount"/>
        <!--是否置顶(0:否 1:是)-->
        <result column="top" property="top"/>
        <!--创建时间-->
        <result column="create_time" property="createTime"/>
        <!--发布时间-->
        <result column="publish_time" property="publishTime"/>
    </resultMap>


    <!-- 通用查询结果列-->
    <sql id="base_column_list">
        a.announcement_id,a.title,a.content,a.user_id,a.status,
		 a.view_count,a.top,a.create_time,a.publish_time
    </sql>

    <sql id="base_condition_filed">
        <if test="query.announcementId != null and query.announcementId!=''">
            and a.announcement_id = #{query.announcementId}
        </if>
        <if test="query.title != null and query.title!=''">
            and a.title = #{query.title}
        </if>
        <if test="query.content != null and query.content!=''">
            and a.content = #{query.content}
        </if>
        <if test="query.userId != null and query.userId!=''">
            and a.user_id = #{query.userId}
        </if>
        <if test="query.status != null">
            and a.status = #{query.status}
        </if>
        <if test="query.viewCount != null">
            and a.view_count = #{query.viewCount}
        </if>
        <if test="query.top != null">
            and a.top = #{query.top}
        </if>
        <if test="query.createTime != null and query.createTime!=''">
            <![CDATA[ and  a.create_time=str_to_date(#{query.createTime}, '%Y-%m-%d') ]]>
        </if>
        <if test="query.publishTime != null and query.publishTime!=''">
            <![CDATA[ and  a.publish_time=str_to_date(#{query.publishTime}, '%Y-%m-%d') ]]>
        </if>
    </sql>
    <!-- 通用条件列-->
    <sql id="base_condition">
        <where>
            <include refid="base_condition_filed"/>
        </where>
    </sql>

    <!-- 通用查询条件列-->
    <sql id="query_condition">
        <where>
            <include refid="base_condition_filed"/>
            <if test="query.announcementIdFuzzy!= null  and query.announcementIdFuzzy!=''">
                and a.announcement_id like concat('%', #{query.announcementIdFuzzy}, '%')
            </if>
            <if test="query.titleFuzzy!= null  and query.titleFuzzy!=''">
                and a.title like concat('%', #{query.titleFuzzy}, '%')
            </if>
            <if test="query.contentFuzzy!= null  and query.contentFuzzy!=''">
                and a.content like concat('%', #{query.contentFuzzy}, '%')
            </if>
            <if test="query.userIdFuzzy!= null  and query.userIdFuzzy!=''">
                and a.user_id like concat('%', #{query.userIdFuzzy}, '%')
            </if>
            <if test="query.createTimeStart!= null and query.createTimeStart!=''">
                <![CDATA[ and  a.create_time>=str_to_date(#{query.createTimeStart}, '%Y-%m-%d') ]]>
            </if>
            <if test="query.createTimeEnd!= null and query.createTimeEnd!=''">
                <![CDATA[ and  a.create_time< date_sub(str_to_date(#{query.createTimeEnd},'%Y-%m-%d'),interval -1 day) ]]>
            </if>
            <if test="query.publishTimeStart!= null and query.publishTimeStart!=''">
                <![CDATA[ and  a.publish_time>=str_to_date(#{query.publishTimeStart}, '%Y-%m-%d') ]]>
            </if>
            <if test="query.publishTimeEnd!= null and query.publishTimeEnd!=''">
                <![CDATA[ and  a.publish_time< date_sub(str_to_date(#{query.publishTimeEnd},'%Y-%m-%d'),interval -1 day) ]]>
            </if>
        </where>
    </sql>

    <!-- 查询集合-->
    <select id="selectList" resultMap="base_result_map">
        SELECT
        <include refid="base_column_list"/>
        FROM announcements a
        <include refid="query_condition"/>
        <if test="query.orderBy!=null">
            order by ${query.orderBy}
        </if>
        <if test="query.simplePage!=null">
            limit #{query.simplePage.start},#{query.simplePage.end}
        </if>
    </select>

    <!-- 查询数量-->
    <select id="selectCount" resultType="java.lang.Integer">
        SELECT count(1) FROM announcements a
        <include refid="query_condition"/>
    </select>

    <!-- 插入 （匹配有值的字段）-->
    <insert id="insert" parameterType="course.notification.entity.po.Announcements">
        INSERT INTO announcements
        <trim prefix="(" suffix=")" suffixOverrides=",">
            <if test="bean.announcementId != null">
                announcement_id,
            </if>
            <if test="bean.title != null">
                title,
            </if>
            <if test="bean.content != null">
                content,
            </if>
            <if test="bean.userId != null">
                user_id,
            </if>
            <if test="bean.status != null">
                status,
            </if>
            <if test="bean.viewCount != null">
                view_count,
            </if>
            <if test="bean.top != null">
                top,
            </if>
            <if test="bean.createTime != null">
                create_time,
            </if>
            <if test="bean.publishTime != null">
                publish_time,
            </if>
        </trim>
        <trim prefix="values (" suffix=")" suffixOverrides=",">
            <if test="bean.announcementId!=null">
                #{bean.announcementId},
            </if>
            <if test="bean.title!=null">
                #{bean.title},
            </if>
            <if test="bean.content!=null">
                #{bean.content},
            </if>
            <if test="bean.userId!=null">
                #{bean.userId},
            </if>
            <if test="bean.status!=null">
                #{bean.status},
            </if>
            <if test="bean.viewCount!=null">
                #{bean.viewCount},
            </if>
            <if test="bean.top!=null">
                #{bean.top},
            </if>
            <if test="bean.createTime!=null">
                #{bean.createTime},
            </if>
            <if test="bean.publishTime!=null">
                #{bean.publishTime},
            </if>
        </trim>
    </insert>

    <!-- 插入或者更新 （匹配有值的字段）-->
    <insert id="insertOrUpdate" parameterType="course.notification.entity.po.Announcements">
        INSERT INTO announcements
        <trim prefix="(" suffix=")" suffixOverrides=",">
            <if test="bean.announcementId != null">
                announcement_id,
            </if>
            <if test="bean.title != null">
                title,
            </if>
            <if test="bean.content != null">
                content,
            </if>
            <if test="bean.userId != null">
                user_id,
            </if>
            <if test="bean.status != null">
                status,
            </if>
            <if test="bean.viewCount != null">
                view_count,
            </if>
            <if test="bean.top != null">
                top,
            </if>
            <if test="bean.createTime != null">
                create_time,
            </if>
            <if test="bean.publishTime != null">
                publish_time,
            </if>
        </trim>
        <trim prefix="values (" suffix=")" suffixOverrides=",">
            <if test="bean.announcementId!=null">
                #{bean.announcementId},
            </if>
            <if test="bean.title!=null">
                #{bean.title},
            </if>
            <if test="bean.content!=null">
                #{bean.content},
            </if>
            <if test="bean.userId!=null">
                #{bean.userId},
            </if>
            <if test="bean.status!=null">
                #{bean.status},
            </if>
            <if test="bean.viewCount!=null">
                #{bean.viewCount},
            </if>
            <if test="bean.top!=null">
                #{bean.top},
            </if>
            <if test="bean.createTime!=null">
                #{bean.createTime},
            </if>
            <if test="bean.publishTime!=null">
                #{bean.publishTime},
            </if>
        </trim>
        on DUPLICATE key update
        <trim prefix="" suffix="" suffixOverrides=",">
            <if test="bean.announcementId!=null">
                announcement_id = VALUES(announcement_id),
            </if>
            <if test="bean.title!=null">
                title = VALUES(title),
            </if>
            <if test="bean.content!=null">
                content = VALUES(content),
            </if>
            <if test="bean.userId!=null">
                user_id = VALUES(user_id),
            </if>
            <if test="bean.status!=null">
                status = VALUES(status),
            </if>
            <if test="bean.viewCount!=null">
                view_count = VALUES(view_count),
            </if>
            <if test="bean.top!=null">
                top = VALUES(top),
            </if>
            <if test="bean.createTime!=null">
                create_time = VALUES(create_time),
            </if>
            <if test="bean.publishTime!=null">
                publish_time = VALUES(publish_time),
            </if>
        </trim>
    </insert>

    <!-- 添加 （批量插入）-->
    <insert id="insertBatch" parameterType="course.notification.entity.po.Announcements">
        INSERT INTO announcements(
        announcement_id,
        title,
        content,
        user_id,
        status,
        view_count,
        top,
        create_time,
        publish_time
        )values
        <foreach collection="list" item="item" separator=",">
            (
            #{item.announcementId},
            #{item.title},
            #{item.content},
            #{item.userId},
            #{item.status},
            #{item.viewCount},
            #{item.top},
            #{item.createTime},
            #{item.publishTime}
            )
        </foreach>
    </insert>

    <!-- 批量新增修改 （批量插入）-->
    <insert id="insertOrUpdateBatch" parameterType="course.notification.entity.po.Announcements">
        INSERT INTO announcements(
        announcement_id,
        title,
        content,
        user_id,
        status,
        view_count,
        top,
        create_time,
        publish_time
        )values
        <foreach collection="list" item="item" separator=",">
            (
            #{item.announcementId},
            #{item.title},
            #{item.content},
            #{item.userId},
            #{item.status},
            #{item.viewCount},
            #{item.top},
            #{item.createTime},
            #{item.publishTime}
            )
        </foreach>
        on DUPLICATE key update
        announcement_id = VALUES(announcement_id),
        title = VALUES(title),
        content = VALUES(content),
        user_id = VALUES(user_id),
        status = VALUES(status),
        view_count = VALUES(view_count),
        top = VALUES(top),
        create_time = VALUES(create_time),
        publish_time = VALUES(publish_time)
    </insert>

    <!--多条件修改-->
    <update id="updateByParam" parameterType="course.notification.entity.query.AnnouncementsQuery">
        UPDATE announcements a
        <set>
            <if test="bean.announcementId != null">
                announcement_id = #{bean.announcementId},
            </if>
            <if test="bean.title != null">
                title = #{bean.title},
            </if>
            <if test="bean.content != null">
                content = #{bean.content},
            </if>
            <if test="bean.userId != null">
                user_id = #{bean.userId},
            </if>
            <if test="bean.status != null">
                status = #{bean.status},
            </if>
            <if test="bean.viewCount != null">
                view_count = #{bean.viewCount},
            </if>
            <if test="bean.top != null">
                top = #{bean.top},
            </if>
            <if test="bean.createTime != null">
                create_time = #{bean.createTime},
            </if>
            <if test="bean.publishTime != null">
                publish_time = #{bean.publishTime},
            </if>
        </set>
        <include refid="query_condition"/>
    </update>

    <!--多条件删除-->
    <delete id="deleteByParam">
        delete a from announcements a
        <include refid="query_condition"/>
    </delete>

    <!-- 根据AnnouncementId修改-->
    <update id="updateByAnnouncementId" parameterType="course.notification.entity.po.Announcements">
        UPDATE announcements
        <set>
            <if test="bean.title != null">
                title = #{bean.title},
            </if>
            <if test="bean.content != null">
                content = #{bean.content},
            </if>
            <if test="bean.userId != null">
                user_id = #{bean.userId},
            </if>
            <if test="bean.status != null">
                status = #{bean.status},
            </if>
            <if test="bean.viewCount != null">
                view_count = #{bean.viewCount},
            </if>
            <if test="bean.top != null">
                top = #{bean.top},
            </if>
            <if test="bean.createTime != null">
                create_time = #{bean.createTime},
            </if>
            <if test="bean.publishTime != null">
                publish_time = #{bean.publishTime},
            </if>
        </set>
        where announcement_id=#{announcementId}
    </update>

    <!-- 根据AnnouncementId删除-->
    <delete id="deleteByAnnouncementId">
        delete
        from announcements
        where announcement_id = #{announcementId}
    </delete>

    <!-- 根据PrimaryKey获取对象-->
    <select id="selectByAnnouncementId" resultMap="base_result_map">
        select
        <include refid="base_column_list"/>
        from announcements a where announcement_id=#{announcementId}
    </select>

    <select id="selectListFromCheckTable" resultMap="base_result_map">
        SELECT
        <include refid="base_column_list"/>
        FROM announcements a
        INNER JOIN check_table b ON a.announcement_id = b.announcement_id
        <where>
            b.status = 1
            <include refid="base_condition_filed"/>
            <if test="query.announcementIdFuzzy!= null  and query.announcementIdFuzzy!=''">
                and a.announcement_id like concat('%', #{query.announcementIdFuzzy}, '%')
            </if>
            <if test="query.titleFuzzy!= null  and query.titleFuzzy!=''">
                and a.title like concat('%', #{query.titleFuzzy}, '%')
            </if>
            <if test="query.contentFuzzy!= null  and query.contentFuzzy!=''">
                and a.content like concat('%', #{query.contentFuzzy}, '%')
            </if>
            <if test="query.userIdFuzzy!= null  and query.userIdFuzzy!=''">
                and a.user_id like concat('%', #{query.userIdFuzzy}, '%')
            </if>
            <if test="query.createTimeStart!= null and query.createTimeStart!=''">
                <![CDATA[ and  a.create_time>=str_to_date(#{query.createTimeStart}, '%Y-%m-%d') ]]>
            </if>
            <if test="query.createTimeEnd!= null and query.createTimeEnd!=''">
                <![CDATA[ and  a.create_time< date_sub(str_to_date(#{query.createTimeEnd},'%Y-%m-%d'),interval -1 day) ]]>
            </if>
            <if test="query.publishTimeStart!= null and query.publishTimeStart!=''">
                <![CDATA[ and  a.publish_time>=str_to_date(#{query.publishTimeStart}, '%Y-%m-%d') ]]>
            </if>
            <if test="query.publishTimeEnd!= null and query.publishTimeEnd!=''">
                <![CDATA[ and  a.publish_time< date_sub(str_to_date(#{query.publishTimeEnd},'%Y-%m-%d'),interval -1 day) ]]>
            </if>
        </where>
        <if test="query.orderBy!=null">
            order by ${query.orderBy}
        </if>
        <if test="query.simplePage!=null">
            limit #{query.simplePage.start},#{query.simplePage.end}
        </if>
    </select>

    <select id="selectCheckTableWithNotApprove" resultMap="base_result_map">
        SELECT
        <include refid="base_column_list"/>
        FROM announcements a
        INNER JOIN check_table b ON a.announcement_id = b.announcement_id
        <where>
            b.status = 0
            <include refid="base_condition_filed"/>
            <if test="query.announcementIdFuzzy!= null  and query.announcementIdFuzzy!=''">
                and a.announcement_id like concat('%', #{query.announcementIdFuzzy}, '%')
            </if>
            <if test="query.titleFuzzy!= null  and query.titleFuzzy!=''">
                and a.title like concat('%', #{query.titleFuzzy}, '%')
            </if>
            <if test="query.contentFuzzy!= null  and query.contentFuzzy!=''">
                and a.content like concat('%', #{query.contentFuzzy}, '%')
            </if>
            <if test="query.userIdFuzzy!= null  and query.userIdFuzzy!=''">
                and a.user_id like concat('%', #{query.userIdFuzzy}, '%')
            </if>
            <if test="query.createTimeStart!= null and query.createTimeStart!=''">
                <![CDATA[ and  a.create_time>=str_to_date(#{query.createTimeStart}, '%Y-%m-%d') ]]>
            </if>
            <if test="query.createTimeEnd!= null and query.createTimeEnd!=''">
                <![CDATA[ and  a.create_time< date_sub(str_to_date(#{query.createTimeEnd},'%Y-%m-%d'),interval -1 day) ]]>
            </if>
            <if test="query.publishTimeStart!= null and query.publishTimeStart!=''">
                <![CDATA[ and  a.publish_time>=str_to_date(#{query.publishTimeStart}, '%Y-%m-%d') ]]>
            </if>
            <if test="query.publishTimeEnd!= null and query.publishTimeEnd!=''">
                <![CDATA[ and  a.publish_time< date_sub(str_to_date(#{query.publishTimeEnd},'%Y-%m-%d'),interval -1 day) ]]>
            </if>
        </where>
        <if test="query.orderBy!=null">
            order by ${query.orderBy}
        </if>
        <if test="query.simplePage!=null">
            limit #{query.simplePage.start},#{query.simplePage.end}
        </if>
    </select>
</mapper>