<?xml version="1.0" encoding="UTF-8"?>
<!DOCTYPE mapper PUBLIC "-//mybatis.org//DTD Mapper 3.0//EN" 
    "http://mybatis.org/dtd/mybatis-3-mapper.dtd">
<mapper namespace="course.notification.mappers.CheckTableMapper">

	<!--实体映射-->
	<resultMap id="base_result_map" type="course.notification.entity.po.CheckTable">
		<!--审核id-->
		<result column="check_id" property="checkId"  />
		<!--公告id-->
		<result column="announcement_id" property="announcementId"  />
		<!--审核人id-->
		<result column="user_id" property="userId"  />
		<!--状态(0:待审核 1:通过 2:拒绝)-->
		<result column="status" property="status"  />
		<!--创建时间-->
		<result column="create_time" property="createTime"  />
	</resultMap>


	<!-- 通用查询结果列-->
	<sql id="base_column_list">
		 c.check_id,c.announcement_id,c.user_id,c.status,c.create_time
		 
	</sql>

	<sql id="base_condition_filed">
			<if test="query.checkId != null and query.checkId!=''">
				 and  c.check_id = #{query.checkId}
			</if>
			<if test="query.announcementId != null and query.announcementId!=''">
				 and  c.announcement_id = #{query.announcementId}
			</if>
			<if test="query.userId != null and query.userId!=''">
				 and  c.user_id = #{query.userId}
			</if>
			<if test="query.status != null">
				 and  c.status = #{query.status}
			</if>
			<if test="query.createTime != null and query.createTime!=''">
				 <![CDATA[ and  c.create_time=str_to_date(#{query.createTime}, '%Y-%m-%d') ]]>
			</if>
	</sql>
	<!-- 通用条件列-->
	<sql id="base_condition">
	 <where>
		 <include refid="base_condition_filed" />
	 </where>
	</sql>

	<!-- 通用查询条件列-->
	<sql id="query_condition">
	 <where>
			<include refid="base_condition_filed" />
			<if test="query.checkIdFuzzy!= null  and query.checkIdFuzzy!=''">
				 and  c.check_id like concat('%', #{query.checkIdFuzzy}, '%')
			</if>
			<if test="query.announcementIdFuzzy!= null  and query.announcementIdFuzzy!=''">
				 and  c.announcement_id like concat('%', #{query.announcementIdFuzzy}, '%')
			</if>
			<if test="query.userIdFuzzy!= null  and query.userIdFuzzy!=''">
				 and  c.user_id like concat('%', #{query.userIdFuzzy}, '%')
			</if>
			<if test="query.createTimeStart!= null and query.createTimeStart!=''">
				 <![CDATA[ and  c.create_time>=str_to_date(#{query.createTimeStart}, '%Y-%m-%d') ]]>
			</if>
			<if test="query.createTimeEnd!= null and query.createTimeEnd!=''">
				 <![CDATA[ and  c.create_time< date_sub(str_to_date(#{query.createTimeEnd},'%Y-%m-%d'),interval -1 day) ]]>
			</if>
	 </where>
	</sql>

	<!-- 查询集合-->
	<select id="selectList" resultMap="base_result_map" >
		 SELECT <include refid="base_column_list" /> FROM check_table c <include refid="query_condition" />
		 <if test="query.orderBy!=null">
			 order by ${query.orderBy}
		 </if>
		 <if test="query.simplePage!=null">
			 limit #{query.simplePage.start},#{query.simplePage.end}
		 </if>
	</select>

	<!-- 查询数量-->
	<select id="selectCount" resultType="java.lang.Integer" >
		 SELECT count(1) FROM check_table c <include refid="query_condition" />
	</select>

	<!-- 插入 （匹配有值的字段）-->
	<insert id="insert" parameterType="course.notification.entity.po.CheckTable">
		 INSERT INTO check_table
		 <trim prefix="(" suffix=")" suffixOverrides="," >
			<if test="bean.checkId != null">
				 check_id,
			</if>
			<if test="bean.announcementId != null">
				 announcement_id,
			</if>
			<if test="bean.userId != null">
				 user_id,
			</if>
			<if test="bean.status != null">
				 status,
			</if>
			<if test="bean.createTime != null">
				 create_time,
			</if>
		 </trim>
		 <trim prefix="values (" suffix=")" suffixOverrides="," >
			<if test="bean.checkId!=null">
				 #{bean.checkId},
			</if>
			<if test="bean.announcementId!=null">
				 #{bean.announcementId},
			</if>
			<if test="bean.userId!=null">
				 #{bean.userId},
			</if>
			<if test="bean.status!=null">
				 #{bean.status},
			</if>
			<if test="bean.createTime!=null">
				 #{bean.createTime},
			</if>
		 </trim>
	</insert>

	<!-- 插入或者更新 （匹配有值的字段）-->
	<insert id="insertOrUpdate" parameterType="course.notification.entity.po.CheckTable">
		 INSERT INTO check_table
		 <trim prefix="(" suffix=")" suffixOverrides=",">
			<if test="bean.checkId != null">
				 check_id,
			</if>
			<if test="bean.announcementId != null">
				 announcement_id,
			</if>
			<if test="bean.userId != null">
				 user_id,
			</if>
			<if test="bean.status != null">
				 status,
			</if>
			<if test="bean.createTime != null">
				 create_time,
			</if>
		 </trim>
		 <trim prefix="values (" suffix=")" suffixOverrides=",">
			<if test="bean.checkId!=null">
				 #{bean.checkId},
			</if>
			<if test="bean.announcementId!=null">
				 #{bean.announcementId},
			</if>
			<if test="bean.userId!=null">
				 #{bean.userId},
			</if>
			<if test="bean.status!=null">
				 #{bean.status},
			</if>
			<if test="bean.createTime!=null">
				 #{bean.createTime},
			</if>
		 </trim>
		 on DUPLICATE key update 
		 <trim prefix="" suffix="" suffixOverrides=",">
			<if test="bean.checkId!=null">
				 check_id = VALUES(check_id),
			</if>
			<if test="bean.announcementId!=null">
				 announcement_id = VALUES(announcement_id),
			</if>
			<if test="bean.userId!=null">
				 user_id = VALUES(user_id),
			</if>
			<if test="bean.status!=null">
				 status = VALUES(status),
			</if>
			<if test="bean.createTime!=null">
				 create_time = VALUES(create_time),
			</if>
		 </trim>
	</insert>

	<!-- 添加 （批量插入）-->
	<insert id="insertBatch" parameterType="course.notification.entity.po.CheckTable">
		 INSERT INTO check_table(
			 check_id,
			 announcement_id,
			 user_id,
			 status,
			 create_time
		 )values
		 <foreach collection="list" item="item" separator=",">
			 (
				 #{item.checkId},
				 #{item.announcementId},
				 #{item.userId},
				 #{item.status},
				 #{item.createTime}
			 )
		 </foreach>
	</insert>

	<!-- 批量新增修改 （批量插入）-->
	<insert id="insertOrUpdateBatch" parameterType="course.notification.entity.po.CheckTable">
		 INSERT INTO check_table(
			 check_id,
			 announcement_id,
			 user_id,
			 status,
			 create_time
		 )values
		 <foreach collection="list" item="item" separator=",">
			 (
				 #{item.checkId},
				 #{item.announcementId},
				 #{item.userId},
				 #{item.status},
				 #{item.createTime}
			 )
		 </foreach>
			on DUPLICATE key update 
			check_id = VALUES(check_id),
			announcement_id = VALUES(announcement_id),
			user_id = VALUES(user_id),
			status = VALUES(status),
			create_time = VALUES(create_time)
	</insert>

	<!--多条件修改-->
	<update id="updateByParam" parameterType="course.notification.entity.query.CheckTableQuery">
		 UPDATE check_table c
 		 <set> 
			<if test="bean.checkId != null">
				 check_id = #{bean.checkId},
			</if>
			<if test="bean.announcementId != null">
				 announcement_id = #{bean.announcementId},
			</if>
			<if test="bean.userId != null">
				 user_id = #{bean.userId},
			</if>
			<if test="bean.status != null">
				 status = #{bean.status},
			</if>
			<if test="bean.createTime != null">
				 create_time = #{bean.createTime},
			</if>
 		 </set>
 		 <include refid="query_condition" />
	</update>

	<!--多条件删除-->
	<delete id="deleteByParam">
		 delete c from check_table c
 		 <include refid="query_condition" />
	</delete>

	<!-- 根据CheckId修改-->
	<update id="updateByCheckId" parameterType="course.notification.entity.po.CheckTable">
		 UPDATE check_table
 		 <set> 
			<if test="bean.announcementId != null">
				 announcement_id = #{bean.announcementId},
			</if>
			<if test="bean.userId != null">
				 user_id = #{bean.userId},
			</if>
			<if test="bean.status != null">
				 status = #{bean.status},
			</if>
			<if test="bean.createTime != null">
				 create_time = #{bean.createTime},
			</if>
 		 </set>
 		 where check_id=#{checkId}
	</update>

	<!-- 根据CheckId删除-->
	<delete id="deleteByCheckId">
		delete from check_table where check_id=#{checkId}
	</delete>

	<!-- 根据PrimaryKey获取对象-->
	<select id="selectByCheckId" resultMap="base_result_map" >
		select <include refid="base_column_list" /> from check_table c where check_id=#{checkId}
	</select>

</mapper>