<?xml version="1.0" encoding="UTF-8"?>
<!DOCTYPE mapper PUBLIC "-//mybatis.org//DTD Mapper 3.0//EN" 
    "http://mybatis.org/dtd/mybatis-3-mapper.dtd">
<mapper namespace="course.notification.mappers.EmailCodeMapper">

	<!--实体映射-->
	<resultMap id="base_result_map" type="course.notification.entity.po.EmailCode">
		<!--邮箱-->
		<result column="email" property="email"  />
		<!--验证码创建时间-->
		<result column="creat_time" property="creatTime"  />
		<!--邮箱编号-->
		<result column="code" property="code"  />
		<!--0:未使用 1:已使用-->
		<result column="status" property="status"  />
	</resultMap>


	<!-- 通用查询结果列-->
	<sql id="base_column_list">
		 e.email,e.creat_time,e.code,e.status
	</sql>

	<sql id="base_condition_filed">
			<if test="query.email != null and query.email!=''">
				 and  e.email = #{query.email}
			</if>
			<if test="query.creatTime != null and query.creatTime!=''">
				 <![CDATA[ and  e.creat_time=str_to_date(#{query.creatTime}, '%Y-%m-%d') ]]>
			</if>
			<if test="query.code != null and query.code!=''">
				 and  e.code = #{query.code}
			</if>
			<if test="query.status != null">
				 and  e.status = #{query.status}
			</if>
	</sql>
	<!-- 通用条件列-->
	<sql id="base_condition">
	 <where>
		 <include refid="base_condition_filed" />
	 </where>
	</sql>

	<!-- 通用查询条件列-->
	<sql id="query_condition">
	 <where>
			<include refid="base_condition_filed" />
			<if test="query.emailFuzzy!= null  and query.emailFuzzy!=''">
				 and  e.email like concat('%', #{query.emailFuzzy}, '%')
			</if>
			<if test="query.creatTimeStart!= null and query.creatTimeStart!=''">
				 <![CDATA[ and  e.creat_time>=str_to_date(#{query.creatTimeStart}, '%Y-%m-%d') ]]>
			</if>
			<if test="query.creatTimeEnd!= null and query.creatTimeEnd!=''">
				 <![CDATA[ and  e.creat_time< date_sub(str_to_date(#{query.creatTimeEnd},'%Y-%m-%d'),interval -1 day) ]]>
			</if>
			<if test="query.codeFuzzy!= null  and query.codeFuzzy!=''">
				 and  e.code like concat('%', #{query.codeFuzzy}, '%')
			</if>
	 </where>
	</sql>

	<!-- 查询集合-->
	<select id="selectList" resultMap="base_result_map" >
		 SELECT <include refid="base_column_list" /> FROM email_code e <include refid="query_condition" />
		 <if test="query.orderBy!=null">
			 order by ${query.orderBy}
		 </if>
		 <if test="query.simplePage!=null">
			 limit #{query.simplePage.start},#{query.simplePage.end}
		 </if>
	</select>

	<!-- 查询数量-->
	<select id="selectCount" resultType="java.lang.Integer" >
		 SELECT count(1) FROM email_code e <include refid="query_condition" />
	</select>

	<!-- 插入 （匹配有值的字段）-->
	<insert id="insert" parameterType="course.notification.entity.po.EmailCode">
		 INSERT INTO email_code
		 <trim prefix="(" suffix=")" suffixOverrides="," >
			<if test="bean.email != null">
				 email,
			</if>
			<if test="bean.creatTime != null">
				 creat_time,
			</if>
			<if test="bean.code != null">
				 code,
			</if>
			<if test="bean.status != null">
				 status,
			</if>
		 </trim>
		 <trim prefix="values (" suffix=")" suffixOverrides="," >
			<if test="bean.email!=null">
				 #{bean.email},
			</if>
			<if test="bean.creatTime!=null">
				 #{bean.creatTime},
			</if>
			<if test="bean.code!=null">
				 #{bean.code},
			</if>
			<if test="bean.status!=null">
				 #{bean.status},
			</if>
		 </trim>
	</insert>

	<!-- 插入或者更新 （匹配有值的字段）-->
	<insert id="insertOrUpdate" parameterType="course.notification.entity.po.EmailCode">
		 INSERT INTO email_code
		 <trim prefix="(" suffix=")" suffixOverrides=",">
			<if test="bean.email != null">
				 email,
			</if>
			<if test="bean.creatTime != null">
				 creat_time,
			</if>
			<if test="bean.code != null">
				 code,
			</if>
			<if test="bean.status != null">
				 status,
			</if>
		 </trim>
		 <trim prefix="values (" suffix=")" suffixOverrides=",">
			<if test="bean.email!=null">
				 #{bean.email},
			</if>
			<if test="bean.creatTime!=null">
				 #{bean.creatTime},
			</if>
			<if test="bean.code!=null">
				 #{bean.code},
			</if>
			<if test="bean.status!=null">
				 #{bean.status},
			</if>
		 </trim>
		 on DUPLICATE key update 
		 <trim prefix="" suffix="" suffixOverrides=",">
			<if test="bean.email!=null">
				 email = VALUES(email),
			</if>
			<if test="bean.creatTime!=null">
				 creat_time = VALUES(creat_time),
			</if>
			<if test="bean.code!=null">
				 code = VALUES(code),
			</if>
			<if test="bean.status!=null">
				 status = VALUES(status),
			</if>
		 </trim>
	</insert>

	<!-- 添加 （批量插入）-->
	<insert id="insertBatch" parameterType="course.notification.entity.po.EmailCode">
		 INSERT INTO email_code(
			 email,
			 creat_time,
			 code,
			 status
		 )values
		 <foreach collection="list" item="item" separator=",">
			 (
				 #{item.email},
				 #{item.creatTime},
				 #{item.code},
				 #{item.status}
			 )
		 </foreach>
	</insert>

	<!-- 批量新增修改 （批量插入）-->
	<insert id="insertOrUpdateBatch" parameterType="course.notification.entity.po.EmailCode">
		 INSERT INTO email_code(
			 email,
			 creat_time,
			 code,
			 status
		 )values
		 <foreach collection="list" item="item" separator=",">
			 (
				 #{item.email},
				 #{item.creatTime},
				 #{item.code},
				 #{item.status}
			 )
		 </foreach>
			on DUPLICATE key update 
			email = VALUES(email),
			creat_time = VALUES(creat_time),
			code = VALUES(code),
			status = VALUES(status)
	</insert>

	<!--多条件修改-->
	<update id="updateByParam" parameterType="course.notification.entity.query.EmailCodeQuery">
		 UPDATE email_code e
 		 <set> 
			<if test="bean.email != null">
				 email = #{bean.email},
			</if>
			<if test="bean.creatTime != null">
				 creat_time = #{bean.creatTime},
			</if>
			<if test="bean.code != null">
				 code = #{bean.code},
			</if>
			<if test="bean.status != null">
				 status = #{bean.status},
			</if>
 		 </set>
 		 <include refid="query_condition" />
	</update>

	<!--多条件删除-->
	<delete id="deleteByParam">
		 delete e from email_code e
 		 <include refid="query_condition" />
	</delete>

	<!-- 根据CodeAndEmail修改-->
	<update id="updateByCodeAndEmail" parameterType="course.notification.entity.po.EmailCode">
		 UPDATE email_code
 		 <set> 
			<if test="bean.creatTime != null">
				 creat_time = #{bean.creatTime},
			</if>
			<if test="bean.status != null">
				 status = #{bean.status},
			</if>
 		 </set>
 		 where code=#{code} and email=#{email}
	</update>

	<!-- 根据CodeAndEmail删除-->
	<delete id="deleteByCodeAndEmail">
		delete from email_code where code=#{code} and email=#{email}
	</delete>

	<!-- 根据PrimaryKey获取对象-->
	<select id="selectByCodeAndEmail" resultMap="base_result_map" >
		select <include refid="base_column_list" /> from email_code e where code=#{code} and email=#{email}
	</select>

	<update id="disableByEmail">
		update email_code
		set status = 1
		where email=#{email}
		  and status = 0
	</update>
</mapper>